Band Name,Genre,Country,Band Website,BA URL,Description,Video URL,Image
ABORTED,DEATH METAL,Belgium,https://www.facebook.com/Abortedofficial/,https://www.brutalassault.cz/en/band/aborted,"						Over the course of the group’s 20-plus career, they’ve transformed—via tongue-through-cheek and gross-out histrionics—from minor curio to the powerhouse from Flanders. The ascent through death metal’s maggot-infested, disease-ridden ranks didn’t co",No Video,https://charon.brutalassault.cz/content//images/artist-image/artist-174-1543236801_thumb.jpeg
AFTER THE BURIAL,METAL HARDCORE PROGRESSIVE,United States,https://www.facebook.com/aftertheburial/,https://www.brutalassault.cz/en/band/after-the-burial,"						An uninhibited eight-stringed dual barrage of frenetic riffs and dynamic chord
progression is exactly what the crushing new AFTER THE BURIAL delivers with
pinpoint precision. This highly anticipated new offering is quickly going to raise the
bar",No Video,https://charon.brutalassault.cz/content//images/artist-image/artist-192-1544307876_thumb.jpeg
AGNOSTIC FRONT,NY HC,United States,https://www.facebook.com/agnosticfront/,https://www.brutalassault.cz/en/band/agnostic-front,"						These rarely confronted and always respected leaders of hardcore were established as one of the meanest-sounding bands in the emerging punk genre, helping to initiate the term ""hardcore,"" and placing an entire uproar on the New York map by associat",www.youtube.com/embed/ebBjGp7QOGc,https://charon.brutalassault.cz/content//images/artist-image/artist-134-1540989528_thumb.jpeg
ALIEN WEAPONRY,MAORI THRASH,New Zealand,http://alienweaponry.com,https://www.brutalassault.cz/en/band/alien-weaponry,"ALIEN WEAPONRY is a three-piece thrash metal band from Waipu, New Zealand, formed in 2010 by brothers Lewis and Henry de Jong, who were 8 and 10 years old at the time.The band is most noted for its fusion of Te Reo Māori (the native language of New Zeala",www.youtube.com/embed/Ok0QaLIW4ps,https://charon.brutalassault.cz/content//images/artist-image/artist-169-1543225828_thumb.jpeg
ANAAL NATHRAKH,INDUSTRIAL BLACK GRIND,United Kingdom,https://www.facebook.com/Anaalnathrakhofficial/,https://www.brutalassault.cz/en/band/anaal-nathrakh,"						When writing about A New Kind Of Horror in the record's liner notes, ANAAL NATHRAKH vocalist Dave Hunt is succinct in his description: ""This is not a happy album, it is bitter, vengeful, sarcastic, sardonic, violent, terrified and horrified, terrif",No Video,https://charon.brutalassault.cz/content//images/artist-image/artist-135-1540989578_thumb.jpeg
ANATHEMA,ALTERNATIVE ROCK,United Kingdom,http://www.anathemamusic.com,https://www.brutalassault.cz/en/band/anathema,"						The title for  ANATHEMA'S   eleventh full-length would also serve well in describing the Liverpool sextet’s uncompromising dedication to fearless artistry since forming in 1990. They’ve continually evolved by placing hope in the future – from leavi",No Video,https://charon.brutalassault.cz/content//images/artist-image/artist-137-1540988993_thumb.jpeg
ANIMALS AS LEADERS,PROGRESSIVE METAL,United States,https://www.animalsasleaders.org,https://www.brutalassault.cz/en/band/animals-as-leaders,"						Sometimes, a band’s music registers just as seismically on an emotional wavelength as it does on a sonic spectrum. And one of those unique bands are ANIMALS AS LEADERS, who reimagine, reinterpret, and refresh instrumental prog, experimental metal, ",www.youtube.com/embed/NmfzWpp0hMc,https://charon.brutalassault.cz/content//images/artist-image/artist-200-1547042945_thumb.jpeg
ANTAEUS,BLACK METAL,France,https://www.facebook.com/Antaeus-142351639134528/,https://www.brutalassault.cz/en/band/antaeus,"We hope you die! Come to your condemnation and witness Satanik Audio Violence!Truly understanding the French black metal fury that is ANTAEUS means learning what’s fuelled it. Through parted flesh, mental scars and waning health – from misfortune and adv",www.youtube.com/embed/R_N91vrjJtM,https://charon.brutalassault.cz/content//images/artist-image/artist-177-1544298333_thumb.jpeg
ANTHRAX,THRASH METAL,United States,https://anthrax.com,https://www.brutalassault.cz/en/band/anthrax,"TV has soap operas, literature has Shakespeare, and metal – well, metal has ANTHRAX, that fire-breathing, thrash-spitting, multi-headed beast of a band that – 30 years since the day Scott Ian and then-bassist Danny Lilker searched a biology textbook for ",No Video,https://charon.brutalassault.cz/content//images/artist-image/artist-180-1544300711_thumb.jpeg
THE ARSON PROJECT,POWERVIOLENCE GRIND SLUDGE,Sweden,https://www.facebook.com/thearsonproject/,https://www.brutalassault.cz/en/band/the-arson-project,"In late 2016 after years of silence, a statement was made about new album of Swedish sludge/grindcorers THE ARSON PROJECT, saying, that we will witness 23 minutes of straight harsh audio violence. And we got it! Now this Malmö based quartet will spread f",No Video,https://charon.brutalassault.cz/content//images/artist-image/artist-221-1549288808_thumb.jpeg
AU-DESSUS,POST BLACK METAL,Lithuania,https://www.facebook.com/audessusabove/,https://www.brutalassault.cz/en/band/au-dessus,"						Outstanding, dark, heavy hitting and atmospheric post-black metal. The mood and riffs fit very well with the lyrical themes. Also a stunning live band.
",No Video,https://charon.brutalassault.cz/content//images/artist-image/artist-246-1556784057_thumb.jpeg
AZUSA,PROGRESSIVE METAL,United States,https://www.facebook.com/AzusaBand/,https://www.brutalassault.cz/en/band/azusa,"						How do you move from a band as pivotal as The Dillinger Escape Plan? For Liam Wilson, it meant ripping up the rulebook all over again. AZUSA make captivating music with unconventional nerve. Uniting the complementary skills of its members, their so",www.youtube.com/embed/7Hu8smmX_BU,https://charon.brutalassault.cz/content//images/artist-image/artist-230-1550574284_thumb.jpeg
BATUSHKA,BLACK METAL,Poland,https://www.facebook.com/Batushkaband/,https://www.brutalassault.cz/en/band/batushka,"						Embrace the essence of musical ecstasy, fascination and passion... Distinct world of sounds lavishing us with the divine glory of spiritual spheres, sounds of harmony…

The identities of the members are unknown, but they are involved with other b",www.youtube.com/embed/B7av_o99Pwg,https://charon.brutalassault.cz/content//images/artist-image/artist-199-1545396497_thumb.jpeg
ČAD,RIP CORE,Slovakia,https://www.facebook.com/cadripcore/,https://www.brutalassault.cz/en/band/cad,"						This long-standing Slovakian squad is very active since it's original conception as early as in 1994 and we are pleased to welcome them to BA again! The band has won a prestigious Slovak Radiohead award for the best record in Hard and Heavy categor",No Video,https://charon.brutalassault.cz/content//images/artist-image/artist-241-1556781434_thumb.jpeg
CAR BOMB,MATHCORE,United States,http://www.carbombcult.com,https://www.brutalassault.cz/en/band/car-bomb,"						New York’s CAR BOMB detonate a vicious blast of wildly technical and progressive modern metal. The Long Island quartet's attack is relentless and suffocating: vicious jazz-inspired blasts shift into mechanistic, canyon-wide grooves. Schizophrenic, ",www.youtube.com/embed/z2cZv92KkXs,https://charon.brutalassault.cz/content//images/artist-image/artist-201-1547044001_thumb.jpeg
CARCASS,DEATH METAL,United Kingdom,https://www.facebook.com/OfficialCarcass/,https://www.brutalassault.cz/en/band/carcass,"CARCASS has released several classic albums over the years, including Decibel Magazine “Hall of Fame” inductees Heartwork and Necroticism, and their influence has changed the face of extreme metal with every consecutive release. Whether it was inventing ",No Video,https://charon.brutalassault.cz/content//images/artist-image/artist-175-1543238300_thumb.jpeg
CARPENTER BRUT,SYNTHWAVE,France,https://carpenterbrut.com/,https://www.brutalassault.cz/en/band/carpenter-brut,"CARPENTER BRUT draws its influences from 80s TV shows and B-movies loaded with synthesizers. The mysterious and discreet man behind the pentagon – or the Brutagram as his fans would call it – evokes an encounter between Justice beats and the universe of ",www.youtube.com/embed/er416Ad3R1g,https://charon.brutalassault.cz/content//images/artist-image/artist-194-1544308681_thumb.jpeg
CASPIAN,POST ROCK,United States,http://caspianmusic.net/,https://www.brutalassault.cz/en/band/caspian,"Resonating with all the senses, CASPIAN are for fifteen years a solid and unshakable name in the post-rock scene and one of the best live acts from the genre. You can look forward for a show, which will bring welcomed relax during restless times on Bruta",www.youtube.com/embed/AdPJACONTn4,https://charon.brutalassault.cz/content//images/artist-image/artist-234-1550575249_thumb.jpeg
COMBICHRIST,AGGROTECH METAL INDUSTRIAL,Norway,https://www.facebook.com/combichrist/,https://www.brutalassault.cz/en/band/combichrist,"Norwegian-American electro metal project COMBICHRIST mark the return of ultimate genre merger with their infernal, yet extremely addictive sonic lunacy. Known by many as the Rammstein support that overshadowed Rammstein, COMBICHRIST led by Andy LaPlegua ",www.youtube.com/embed/kRa3BU5bl-s,https://charon.brutalassault.cz/content//images/artist-image/artist-232-1550574794_thumb.jpeg
THE CONTORTIONIST,PROGRESSIVE METAL,United States,https://www.facebook.com/thecontortionist/,https://www.brutalassault.cz/en/band/the-contortionist,"THE CONTORTIONIST represents fearlessness in musical expression, designed to please artist as much as audience. This band makes progressive metal music, anchored in the heavy sounds that first drew the individual players to the stage, yet unmoored by con",No Video,https://charon.brutalassault.cz/content//images/artist-image/artist-228-1549294522_thumb.jpeg
COUNTING HOURS,DEPRESSIVE DARK ROCK,Finland,https://www.facebook.com/Countinghours2/,https://www.brutalassault.cz/en/band/counting-hours,"						Depressive dark rock from the country that makes the best and most overwhelming and authentic dark and oppressive music.
",www.youtube.com/embed/m2qkVc7QvN0,https://charon.brutalassault.cz/content//images/artist-image/artist-136-1540200446_thumb.jpeg
COVEN,PSYCHEDELIC ROCK,United States,https://www.facebook.com/TheOfficialCoven/,https://www.brutalassault.cz/en/band/coven,When Black Sabbath was still performing blues covers in bars Jinx Dawson was turning heads with her groundbreaking band COVEN. Long before pentagrams and upside down crosses became standard on metal records Dawson shocked labels and critics with her unab,No Video,https://charon.brutalassault.cz/content//images/artist-image/artist-225-1549293062_thumb.jpeg
CRYSTAL LAKE,METALCORE,Japan,http://crystallake.jp,https://www.brutalassault.cz/en/band/crystal-lake,"CRYSTAL LAKE just set an impossible bar to leap over wit their latest output Helix. Production, writing, visuals...this is definitely going to be a standard bearer for all the recent metalcore bands.
",www.youtube.com/embed/yjr9TZjTqIM,https://charon.brutalassault.cz/content//images/artist-image/artist-182-1544301923_thumb.jpeg
CULT OF LUNA,POST METAL,Sweden,https://www.cultofluna.com,https://www.brutalassault.cz/en/band/cult-of-luna,"						Since their beginnings in 1998 CULT OF LUNA has released seven albums, been awarded the top rock/ metal award at the Swedish National Radio Awards and cemented their status as one of the true progressors of the metal genre, beknownst to most metal ",www.youtube.com/embed/5CXiI0AnaCY,https://charon.brutalassault.cz/content//images/artist-image/artist-184-1547810835_thumb.jpeg
CYTOTOXIN,SLAMING BRUTAL DEATH,Germany,http://www.cytotoxin.de,https://www.brutalassault.cz/en/band/cytotoxin,"						During the night of April 26th in 1986 a world-changing accident occurred at the Chernobyl nuclear power plant in Ukraine. Inspired by this catastrophe and its consequences a highly radiated German band called CYTOTOXIN pulverized the Death Metal w",www.youtube.com/embed/JgH9vYpBB8k,https://charon.brutalassault.cz/content//images/artist-image/artist-138-1540989833_thumb.jpeg
DAUGHTERS,NOISE ROCK,United States,https://www.daughtersofficial.com,https://www.brutalassault.cz/en/band/daughters,"						With the new album You Won’t Get What You Want, DAUGHTERS send a crystal clear message. The quartet—Alexis Marshall [vocals], Nick Sadler [guitar], Jon Syverson [drums], and Sam Walker [bass]—once again follow the same internal compass that guided ",No Video,https://charon.brutalassault.cz/content//images/artist-image/artist-187-1544305841_thumb.jpeg
DECAPITATED,DEATH METAL,Poland,https://www.decapitatedband.net/,https://www.brutalassault.cz/en/band/decapitated,"Polish death machine DECAPITATED is back with a bang! Their new album Anticult highlights just how vital have remained two decades deep into their career. They have long been undeniable masters of their craft and they are expanding their parameters with ",www.youtube.com/embed/8gILuUdY2cU,https://charon.brutalassault.cz/content//images/artist-image/artist-202-1547044073_thumb.jpeg
DECULTIVATE,MISANTHROPIC HARDCORE,Czech Republic,https://decultivate.bandcamp.com/,https://www.brutalassault.cz/en/band/decultivate,"						Misanthropic hardcore from Prague; furious noisy HC / crust that will decultivate You in the pit!
						
					",No Video,https://charon.brutalassault.cz/content//images/artist-image/artist-244-1557139209_thumb.jpeg
DEICIDE,DEATH METAL,United States,https://www.facebook.com/OfficialDeicide/,https://www.brutalassault.cz/en/band/deicide,"						Death metal at its finest finally arrives.. 30 years after the original conception, DEICIDE will finally arrive to kill the christian! Formed in 1989, DEICIDE are responsible for shaping death metal at every level. Throughout the ‘90s the group’s t",www.youtube.com/embed/rxweWH5mhK8,https://charon.brutalassault.cz/content//images/artist-image/artist-162-1542289723_thumb.jpeg
DÉLUGE,POST HARDCORE METAL,France,https://wearedeluge.bandcamp.com/,https://www.brutalassault.cz/en/band/deluge,"						Thunder rolls afar, unremitting rain, awaited gloomy deliverance gets under your skin. Sudden storm of unleashed instruments then quietness, absolute serenity.

At the gates of hell or heaven depending on the listener’s philosophy.

Cleverly mi",www.youtube.com/embed/ULUc0rxFEEQ,https://charon.brutalassault.cz/content//images/artist-image/artist-235-1550575769_thumb.jpeg
DEMOLITION HAMMER,THRASH METAL,United States,https://www.facebook.com/demolitionhammerofficial/,https://www.brutalassault.cz/en/band/demolition-hammer,"If you are looking for the heaviest, fastest, most violent thrash metal besides Slayer’s cult classic “Reign In Blood” pick up DEMOLITION HAMMER’s highly sought-after first two albums Tortured Existence (1990) and Epidemic Of Violence (1992)! Rabid vocal",www.youtube.com/embed/PZhux8pHjkM,https://charon.brutalassault.cz/content//images/artist-image/artist-222-1549289264_thumb.jpeg
DESTRUCTION,THRASH METAL LEGENDS,Germany,http://www.destruction.de,https://www.brutalassault.cz/en/band/destruction,"						In Weil am Rhein in Germany, as early as back in 1983, drummer Tommy, guitarist Mike and bassist / vocalist Schmier founded a band which was going to become a legend and write many chapters in Thrash Metal history: DESTRUCTION! The first MLP entitl",www.youtube.com/embed/_kPfveBd_dY,https://charon.brutalassault.cz/content//images/artist-image/artist-139-1540989064_thumb.jpeg
DIABLO SWING ORCHESTRA,AVANT GARDE METAL,Sweden,http://www.diabloswing.com,https://www.brutalassault.cz/en/band/diablo-swing-orchestra,DIABLO SWING ORCHESTRA present a wild multi-genre carnival ride of swing music mixed with avangarde metal; thus creating refreshingly hilarious take on crossbreeding musical genres that you do not want to gloss over! Their latest output Pacifisticuffs is,No Video,https://charon.brutalassault.cz/content//images/artist-image/artist-24-1542290700_thumb.jpeg
DISCHARGE,D BEAT,United Kingdom,https://www.facebook.com/Dischargeofficial/,https://www.brutalassault.cz/en/band/discharge,"DISCHARGE is a British hardcore punk band formed in 1977, often considered among one of the very first bands to play hardcore punk. While the band had substantial lineup changes over its history, the core members over the early 1980s, when the band produ",No Video,https://charon.brutalassault.cz/content//images/artist-image/artist-243-1556782828_thumb.jpeg
DR. LIVING DEAD,CROSSOVER THRASH,Sweden,http://deathfuckingthrash.com,https://www.brutalassault.cz/en/band/dr-living-dead,"Formed two decades after the halcyon days of crossover thrash, DR. LIVING DEAD! are the next-generation answer to lame circle pits and even lamer riffs.
",www.youtube.com/embed/Xs328I1NNqc,https://charon.brutalassault.cz/content//images/artist-image/artist-203-1547044201_thumb.jpeg
EKTOMORF,GROOVE GIPSY METAL,Hungary,https://www.facebook.com/EktomorfOfficial/,https://www.brutalassault.cz/en/band/ektomorf,"						The hungarian groove-monster EKTOMORF was founded already back in ’94, by vocalist/guitarist Zoli Farkas. The band has taken a long road to its way to succeed, but their mix of thrash, hardcore and traditional gipsy music got recognized by many, an",No Video,https://charon.brutalassault.cz/content//images/artist-image/artist-140-1540990181_thumb.jpeg
ELECTRIC WIZARD,DOOM STONER METAL,United Kingdom,http://www.electricfuckinwizard.com/,https://www.brutalassault.cz/en/band/electric-wizard,"						Are you ready for some dope-smoking sabbathian heavy doom? Because English horrornauts ELECTRIC WIZARD are gonna bring it no matter what! It's gonna be heavy and hazy and filthy and psychedelic in a way unmatched by any other band on the planet. Al",No Video,https://charon.brutalassault.cz/content//images/artist-image/artist-172-1543226855_thumb.jpeg
EMPEROR,BLACK METAL,Norway,http://www.emperorhorde.com,https://www.brutalassault.cz/en/band/emperor,"						Eventually there comes a time when the hype about a band becomes superfluous, and their status alone speaks volumes. Such is the case with EMPEROR, the black metal gods hailing from Telemark, Norway. EMPEROR has become known as one of the originato",www.youtube.com/embed/Jmlhq5rtFXw,https://charon.brutalassault.cz/content//images/artist-image/artist-198-1545396254_thumb.jpeg
ENSIFERUM,EPIC FOLK METAL,Finland,http://www.ensiferum.com,https://www.brutalassault.cz/en/band/ensiferum,"ENSIFERUM are true greats of folk-inspired melodic death metal and with their latest output Two Paths they once more affirm their place in the pantheons of the genre, so it was about a time they returned to BA!
",www.youtube.com/embed/-2WqQY_xSSM,https://charon.brutalassault.cz/content//images/artist-image/artist-204-1547044367_thumb.jpeg
ESKHATON,PSYCHOTIC DEATH METAL VIOLENCE,Australia,https://www.facebook.com/eskhaton666/,https://www.brutalassault.cz/en/band/eskhaton,"						Australian killing machine ESKHATON returns with third violent assault - The Omegalitheos! This phenomenon exhibits fourteen songs of psychotic Death Metal violence and is to resonate with those, who are eager to receive from Death Metal more than ",No Video,https://charon.brutalassault.cz/content//images/artist-image/artist-104-1556728587_thumb.jpeg
EXUMER,RAGING THRASH,Germany,http://www.exumer.de,https://www.brutalassault.cz/en/band/exumer,"EXUMER has never been in a rush. The influential German thrash veterans haven’t taken a typical career approach to being a band since they reformed in 2008. Still, Possessed by Fire (1986) and Rising from the Sea (1987) stand as highly-heralded triumphs ",No Video,https://charon.brutalassault.cz/content//images/artist-image/artist-240-1556780428_thumb.jpeg
EYEHATEGOD,SLUDGE,United States,http://eyehategod.ee,https://www.brutalassault.cz/en/band/eyehategod,"						One of the most influential and heavy bands to come from NOLA, they have noted Black Flag, The Melvins and Black Sabbath as a domineering and significant influence to their sound today. That combined with the sound of Southern Rock, Blues riffs and",No Video,https://charon.brutalassault.cz/content//images/artist-image/artist-214-1548254052_thumb.jpeg
FROG LEAP,ROCK N ROLL,Norway,https://www.youtube.com/channel/UC98tcedR6gULv8_b70WJKyw,https://www.brutalassault.cz/en/band/frog-leap,"Music is mainly about fun and the Nordic mage Leo Moracchiolo is gonna bring fun factor to BA with his studio-project-transformed-into-band known on Youtube as FROG LEAP.
",www.youtube.com/embed/TDdlteB4tGk,https://charon.brutalassault.cz/content//images/artist-image/artist-236-1550576075_thumb.jpeg
GET THE SHOT,METAL HARDCORE,Canada,https://www.facebook.com/gettheshothc/,https://www.brutalassault.cz/en/band/get-the-shot,"Hailing straight from Quebec City, Canada, GET THE SHOT was formed in 2009 by a bunch of outcasts who wanted nothing more than a chance to spit their fury at the face of the world. The band plays an unpretentious spirited hardcore tinged with the despera",No Video,https://charon.brutalassault.cz/content//images/artist-image/artist-191-1544307793_thumb.jpeg
GODFLESH,INDUSTRIAL METAL,United Kingdom,http://www.godflesh.com/,https://www.brutalassault.cz/en/band/godflesh,"GODFLESH are highly regarded as one of the pioneers of industrial metal; they took industrial to the next level with their fuse of heavy guitars and mixing it with slow drum loops and effects. GODFLESH has influences ranging from initially Swans, Black S",No Video,https://charon.brutalassault.cz/content//images/artist-image/artist-190-1544307631_thumb.jpeg
GOROD,MELODIC TECH DEATH,France,https://www.facebook.com/GorodOfficial/,https://www.brutalassault.cz/en/band/gorod,"						Founded at the dawn of the 21st century, GOROD is among the most appreciated progressive death metal bands on the current international metal scene.

Native from Bordeaux, France, GOROD released 5 albums and 2 EP who were, for each one, warmly we",www.youtube.com/embed/WBU1H-9yvmQ,https://charon.brutalassault.cz/content//images/artist-image/artist-205-1547044519_thumb.jpeg
GOST,SYNTHWAVE,United States,https://www.facebook.com/gost1980s/,https://www.brutalassault.cz/en/band/gost,"The mysterious producer known as GosT embodies the character of Baalberith on his propulsive synthwave solo project that is channeling his fascination with the occult, John Carpenter and 80s slasher flicks. As a teenager he played in metal bands, but eve",www.youtube.com/embed/PWzYY4PQcpc,https://charon.brutalassault.cz/content//images/artist-image/artist-216-1548255340_thumb.jpeg
GUTALAX,GOREGRIND,Czech Republic,https://www.facebook.com/GUTALAX-cz-gore-grind--116773548349011/,https://www.brutalassault.cz/en/band/gutalax,"						A premiere laxative goregrind outfit!
",www.youtube.com/embed/dL0Mjm77yG0,https://charon.brutalassault.cz/content//images/artist-image/artist-141-1540988879_thumb.jpeg
HEILUNG,FOLK AMBIENT,International,http://heilung.bandcamp.com,https://www.brutalassault.cz/en/band/heilung,"HEILUNG is sounds from the northern European iron age and viking period. The band uses everything from running water, human bones, reconstructed swords and shields up to ancient frame drums and bronze rings in the songs. 
The lyrics contain original tex",www.youtube.com/embed/h1BsKIP4uYM,https://charon.brutalassault.cz/content//images/artist-image/artist-142-1540990381_thumb.jpeg
HELLHAMMER - TRIUMPH OF DEATH,FIRST WAVE BLACK METAL,Switzerland,https://fischerisdead.blogspot.com,https://www.brutalassault.cz/en/band/hellhammer-triumph-of-death,"A Tribute To HellhammerHELLHAMMER existed for a mere two years, from May 1982 to May 1984. During this time, the band wrote material for three demos, one 12"" EP, and the legendary Death Metal compilation album, along with a number of unrecorded songs.In ",No Video,https://charon.brutalassault.cz/content//images/artist-image/artist-218-1549286647_thumb.jpeg
HEXIS,HARDCORE POST METAL,Denmark,https://hexisband.bandcamp.com/,https://www.brutalassault.cz/en/band/hexis,"This band comes from the fertile grounds of Copenhagen’s underground; HEXIS combine black metal with hardcore and post-metal elements for almost ten years now.
",No Video,https://charon.brutalassault.cz/content//images/artist-image/artist-237-1550576036_thumb.jpeg
HIGHER POWER,HC,United Kingdom,http://higherpowerleeds.bandcamp.com,https://www.brutalassault.cz/en/band/higher-power,"HIGHER POWER brings a unique and fresh sound to the table with influences that range from Crown Of Thornz to the lesser known Merauder demo with Leeway's Eddie Sutton on vocals. Hardcore for the moshers by the moshers!
",www.youtube.com/embed/tvI2hiHhuQc,https://charon.brutalassault.cz/content//images/artist-image/artist-143-1540990510_thumb.jpeg
HYPOCRISY,DEATH METAL,Sweden,http://www.hypocrisy.cc,https://www.brutalassault.cz/en/band/hypocrisy,"HYPOCRISY was formed in Ludvika, Stockholm by guitarist Peter Tägtgren in October 1991. As well as HYPOCRISY, Tägtgren has carved out a considerable and esteemed catalogue of work with other musical concerns such as the industrial solo concept PAIN, LOCK",www.youtube.com/embed/MJsdZ2FR3WM,https://charon.brutalassault.cz/content//images/artist-image/artist-144-1540990691_thumb.jpeg
IMMOLATION,DEATH METAL,United States,http://www.facebook.com/immolation,https://www.brutalassault.cz/en/band/immolation,"IMMOLATION are a cult classic death metal act from Ney York. Countless bands have come and gone, but IMMOLATION has been holding their ground, becoming a household name in the genre and also at Brutal Assault fest. From their unique song structures, thro",No Video,https://charon.brutalassault.cz/content//images/artist-image/artist-145-1540990738_thumb.jpeg
INCANTATION,UNHOLY ROTTEN DEATH METAL,United States,https://www.incantation.com,https://www.brutalassault.cz/en/band/incantation,"						We kick off with true death metal legends INCANTATION. These unholy priests are the originators of equally unholy, blasphemous and rotten death metal that has been recently imitated to the proverbial death, but alas no epigons can match these ungod",No Video,https://charon.brutalassault.cz/content//images/artist-image/artist-238-1556728404_thumb.jpeg
IRON REAGAN,CROSSOVER THRASH,United States,https://www.facebook.com/IRONREAGAN/,https://www.brutalassault.cz/en/band/iron-reagan,"IRON REAGAN are no strangers to the fine art of crossover thrash. Comprised of veterans Tony Foresta, Phil Hall, Mark Bronzino, Rob Skotis, and Ryan Parrish, between them they fill, or have filled the ranks of Municipal Waste, Cannabis Corpse, Mammoth Gr",No Video,https://charon.brutalassault.cz/content//images/artist-image/artist-178-1544299677_thumb.jpeg
JINJER,GROOVE METAL,Ukraine,https://www.facebook.com/JinjerOfficial/,https://www.brutalassault.cz/en/band/jinjer,"JINJER are one of the best metal bands in Ukraine with wide popularity both in the motherland, all around Europe, and even overseas. Their last album King of Everything got incredibly positive feedback from music press all around the world including posi",www.youtube.com/embed/SQNtGoM3FVU,https://charon.brutalassault.cz/content//images/artist-image/artist-146-1540990775_thumb.jpeg
JUNGLE ROT,DEATH THRASH,United States,https://www.facebook.com/igotjunglerot/,https://www.brutalassault.cz/en/band/jungle-rot,"JUNGLE ROT are one of the hardest working bands in the underground scene, they survived numerous lineup changes, kept playing shows and writing new material. Their latest eponymous album is their strongest effort yet. Staying with the formula of memorabl",www.youtube.com/embed/pLJ1sgA1iAE,https://charon.brutalassault.cz/content//images/artist-image/artist-147-1540990817_thumb.jpeg
KRAANIUM,SLAMMING BDM BRUTALITY,Norway,https://www.facebook.com/kraaniumslam/,https://www.brutalassault.cz/en/band/kraanium,"KRAANIUM was formed in 2001 and are one of the original pioneers of the slamming brutality genre. Originally founded in Norway, they have toured and slammed all over Scandinavia, Europe, UK, ASIA, USA and Russia and have performed at many iconic festival",No Video,https://charon.brutalassault.cz/content//images/artist-image/artist-239-1556729744_thumb.jpeg
KRISIUN,DEATH METAL,Brazil,http://www.krisiun.com.br,https://www.brutalassault.cz/en/band/krisiun,"						For almost 30 years, the Brazilian death metal power-trio of brothers KRISIUN has been renowned for frenetic blistering death metal of unmistakably KRISIUN blend. The legendary albums like the rabid Black Force Domain (1995), 2000’s constantly blas",No Video,https://charon.brutalassault.cz/content//images/artist-image/artist-148-1540991001_thumb.jpeg
LETTERS FROM THE COLONY,PROGRESSIVE METAL,Sweden,https://www.facebook.com/lettersfromthecolony/,https://www.brutalassault.cz/en/band/letters-from-the-colony,"Progressive Swedes LETTERS FROM THE COLONY had proven that they could marry various elements of death metal, metalcore and jazz into a complex hybrid and produce something strangely familiar yet truly original.
",www.youtube.com/embed/IzcwEm355X0,https://charon.brutalassault.cz/content//images/artist-image/artist-206-1547044755_thumb.jpeg
LIONHEART,HC,United States,https://www.facebook.com/lionheartca/,https://www.brutalassault.cz/en/band/lionheart,"						If you lust for straight-forward aggressive new wave hardcore, you should look forward for LIONHEART, who are now obliterating stages and music charts alike with their latest record Welcome to The West Coast Pt. II!

",www.youtube.com/embed/n-YycDggStQ,https://charon.brutalassault.cz/content//images/artist-image/artist-163-1542290998_thumb.jpeg
MANES,AVANT GARDE,Norway,https://manes.no,https://www.brutalassault.cz/en/band/manes,"For anyone searching for quality music and a unique sonic experience, MANES composes classy stellar Avant-Garde music... MANES was formed in Trondheim, Norway, in 1992. Their music has gone through many stages of transformation and mutation up until toda",No Video,https://charon.brutalassault.cz/content//images/artist-image/artist-176-1544298033_thumb.jpeg
MEAT SPREADER,OLD SCHOOL GORE GRIND,Poland,https://www.facebook.com/meatspreader/,https://www.brutalassault.cz/en/band/meat-spreader,"						Idea for starting MEAT SPREADER appeared in Spring 2016 when Jaro (ex-Dead Infection) met Arthur (Squash Bowels ). After few beers these two legends of the European gore grind scene agreed that time has come to create a band which in its sound will",No Video,https://charon.brutalassault.cz/content//images/artist-image/artist-242-1556782266_thumb.jpeg
MESHUGGAH,TECHNICAL DJENT THRASH,Sweden,http://www.meshuggah.net,https://www.brutalassault.cz/en/band/meshuggah,"						The music of MESHUGGAH is an epitome of their monicker, which is Yiddish word for “insane”. They started as a five-piece band from Umeå, Sweden, already back in 1987. The band’s style has been evolving since day one, but despite constant cancerous-",No Video,https://charon.brutalassault.cz/content//images/artist-image/artist-149-1540991329_thumb.jpeg
METAL CHURCH,HEAVY THRASH METAL,United States,https://metalchurchofficial.com,https://www.brutalassault.cz/en/band/metal-church,"						Let's bring a heavy dose of nostalgia! Born out of the West Coast Metal scene of the 80's, METAL CHURCH quickly became one of the standout talents of the genre. the metal congregations will gather again to bow to a heavy metal institution build man",www.youtube.com/embed/nwMIgiD_SCQ,https://charon.brutalassault.cz/content//images/artist-image/artist-170-1543226094_thumb.jpeg
MGŁA,BLACK METAL,Poland,https://www.facebook.com/mglaofficial/,https://www.brutalassault.cz/en/band/mgla,"						Thou shall suffer a new dose of the bleak, dark and disillusioned MGŁA style of black metal.. The band is coming forth with one of the most anticipated new records and a Brutal Assault performance in 2019! One of the tightest live bands of the genr",www.youtube.com/embed/iCAvAOFf0P8,https://charon.brutalassault.cz/content//images/artist-image/artist-164-1542291323_thumb.jpeg
MIDNIGHT,BLACK SPEED METAL,United States,https://www.facebook.com/Midnight-87909491643/,https://www.brutalassault.cz/en/band/midnight,"						The Ohio satanic royalty MIDNIGHT approaches metal from its dirty side and will finally send shockwaves of rock’n’roll violence through the BA crowds, subjugating and dominating all metalheads with lust, filth, and sleaze! Black heavy metal is the ",www.youtube.com/embed/pG0NkesIc-Q,https://charon.brutalassault.cz/content//images/artist-image/artist-165-1542291638_thumb.jpeg
MONSTER MAGNET,PSYCHEDELIC ROCK,United States,http://www.zodiaclung.com,https://www.brutalassault.cz/en/band/monster-magnet,"Retro-rock visionaries MONSTER MAGNET spent much of the 1990s struggling against the prejudices imposed upon image and sound by alternative rock fashion nazis. In fact, it wasn't until that movement's late-'90s decline that the band's dogged persistence ",No Video,https://charon.brutalassault.cz/content//images/artist-image/artist-224-1549292589_thumb.jpeg
MYRKUR,ATMO BLACK METAL FOLK,United States,http://www.myrkurmusic.com,https://www.brutalassault.cz/en/band/myrkur,"						Following the massive response from the last summer, the forest fairy MYRKUR returns to our festival to conquer the sceptics yet again! The quick succession also serves as a mean of apology for the unfinished show from this year. Since inception, M",No Video,https://charon.brutalassault.cz/content//images/artist-image/artist-50-1542291824_thumb.jpeg
NAPALM DEATH,GRIND CORE GODS,United Kingdom,http://www.napalmdeath.org,https://www.brutalassault.cz/en/band/napalm-death,"						Art reflects life. Extreme times demand extreme responses. Silence sucks. Noise is always the answer. And yes, NAPALM DEATH continue to be one of the few bands on this planet that adhere to all these principles and more. For the last three decades,",No Video,https://charon.brutalassault.cz/content//images/artist-image/artist-150-1540991397_thumb.jpeg
NECROS CHRISTOS,BLACK DEATH METAL,Germany,https://www.facebook.com/darknessdamnationdeath/,https://www.brutalassault.cz/en/band/necros-christos,NECROS CHRISTOS will commit their final hour with their final album Domedon Doxomedon to a performance cutting a swath of destruction through both the zeitgeist of modern heavy music and the walls of our beloved fortress with their first and last appeara,No Video,https://charon.brutalassault.cz/content//images/artist-image/artist-166-1542292030_thumb.jpeg
NORDJEVEL,BLACK METAL,Norway,https://www.facebook.com/nordjevelofficial/,https://www.brutalassault.cz/en/band/nordjevel,"						A bunch of seasoned veterans with a long list of seminal acts in their CVs (Morbid Angel, Dark Funeral, 1349, Ragnarok and many others), coming to dominate BA with their relentless black metal project NORDJEVEL. Get ready for blast-fire annihilatio",No Video,https://charon.brutalassault.cz/content//images/artist-image/artist-231-1550574604_thumb.jpeg
THE OBSESSED,GODFATHERS OF DOOM,United States,https://www.facebook.com/TheObsessedOfficial/,https://www.brutalassault.cz/en/band/the-obsessed,"						Doom Rock pioneers formed already back in 1976 by Scott ""Wino"" Weinrich (of Saint Vitus fame). THE OBSESSED was formed in the late 1970’s in Potomac, Maryland by legendary guitarist Scott “Wino” Wenrich (Saint Vitus/Spirit Caravan). The band spawne",No Video,https://charon.brutalassault.cz/content//images/artist-image/artist-197-1544309290_thumb.jpeg
THE OCEAN,PROGRESSIVE METAL,Germany,https://www.facebook.com/theoceancollective/,https://www.brutalassault.cz/en/band/the-ocean,"						Since 2001, the Berlin-based musician collective THE OCEAN have released 7 critically acclaimed studio albums, and a split EP with Japanese post-rock legends MONO. Each of their releases has proven a profoundly immersive experience, with an unrival",No Video,https://charon.brutalassault.cz/content//images/artist-image/artist-193-1544308520_thumb.jpeg
OCEANS OF SLUMBER,PROGRESSIVE DARK METAL,United States,http://www.oceansofslumber.com,https://www.brutalassault.cz/en/band/oceans-of-slumber,"						Having weathered the most pernicious of personal storms, OCEANS OF SLUMBER have regrouped and focused their energies on creative endeavours. The result is an album that deserves to propel the band to heavy music’s highest echelons: a work of art th",No Video,https://charon.brutalassault.cz/content//images/artist-image/artist-151-1540991497_thumb.jpeg
OF MICE & MEN,AMERICAN METALCORE,United States,http://www.ofmiceandmenofficial.com,https://www.brutalassault.cz/en/band/of-mice-men,"OF MICE & MEN mix strong rock melodies reminiscing the golden era of hard rock with memorable hooks and juvenile energy of these contemporary American stars and you get a helluva strong blend of metalcore fit for festival crowds!

",www.youtube.com/embed/IO-JbFtgeX4,https://charon.brutalassault.cz/content//images/artist-image/artist-167-1542292220_thumb.jpeg
OMNIUM GATHERUM,MELODIC DEATH METAL,Finland,http://www.omniumgatherum.org,https://www.brutalassault.cz/en/band/omnium-gatherum,"Some bands seem to harness the power of magic from the very start. OMNIUM GATHERUM are one such band, but they are only just starting to recognise the enormity of their powers. OMNIUM GATHERUM were formed in 1996 and emerged from a vibrant European metal",No Video,https://charon.brutalassault.cz/content//images/artist-image/artist-245-1556783407_thumb.jpeg
PARKWAY DRIVE,METALCORE,Australia,https://parkwaydriverock.com,https://www.brutalassault.cz/en/band/parkway-drive,"Blasting out of Byron Bay, almost as an affront to the serenity of their surrounds, PARKWAY DRIVE quickly established themselves as the most formidable force Australian heavy music had ever seen. A five- piece of astonishing power and understated charism",www.youtube.com/embed/WL_8ZY89dP4,https://charon.brutalassault.cz/content//images/artist-image/artist-229-1550574038_thumb.jpeg
PERFECITIZEN,HYPERBLAST DEATH GRIND,Czech Republic,http://www.perfecitizen.com,https://www.brutalassault.cz/en/band/perfecitizen,"						The premiere blastcore outfit offering some of the best stuff the famed Czech grindcore scene ever spawned. Expect unexpected, psychopatic songs full of limitless energy, rage and insanity!

",www.youtube.com/embed/OVVmXB31EEg,https://charon.brutalassault.cz/content//images/artist-image/artist-152-1542781105_thumb.jpeg
PRIMORDIAL,CELTIC METAL,Ireland,https://www.primordialofficial.com,https://www.brutalassault.cz/en/band/primordial,"2018 marks the twenty-seventh year of PRIMORDIAL's seminal career, and the return with their ninth full-length Exile Amongst The Ruins, they have lost none of their vitality. Once again building upon their signature sound, the follow up to 2014's Where G",www.youtube.com/embed/FpuwbyM5BKc,https://charon.brutalassault.cz/content//images/artist-image/artist-227-1549294137_thumb.jpeg
PRONG,CROSSOVER THRASH METAL,United States,http://prongband.com,https://www.brutalassault.cz/en/band/prong,"PRONG was born on the lower east side of New York City, long before it was sanitized into America’s most prized real estate. The band went onto release 12 studio and 2 live albums in under 30 years and their latest output Zero Days is another monster of ",www.youtube.com/embed/MFNEcsxN5QA,https://charon.brutalassault.cz/content//images/artist-image/artist-179-1544300419_thumb.jpeg
RAISED FIST,HC,Sweden,http://www.raisedfist.com,https://www.brutalassault.cz/en/band/raised-fist,"						Respect. If you want to characterize RAISED FIST – one of Sweden's longest-running yet most vital acts in the hardcore scene – with just one word, respect would be it. Respect is what you have earned when people like Lou Koller of Sick Of It All de",No Video,https://charon.brutalassault.cz/content//images/artist-image/artist-153-1540993983_thumb.jpeg
ROTTING CHRIST,MELODIC BLACK METAL,Greece,http://www.rotting-christ.com,https://www.brutalassault.cz/en/band/rotting-christ,"						Mastermind Sakis Tolis creates mystical atmospheres by delving deep into ancient secrets and myths from the Sumerians, Incas, Persians and other cultures and incorporating them into his very own blend of melodic black metal. ROTTING CHRIST skillful",No Video,https://charon.brutalassault.cz/content//images/artist-image/artist-154-1540994049_thumb.jpeg
SACRED REICH,THRASH METAL,United States,https://www.facebook.com/sacredreichofficial/,https://www.brutalassault.cz/en/band/sacred-reich,"SACRED REICH is a Phoenix, Arizona based thrash metal band that formed in 1985. Part of the second wave of thrash along with Testament, Death Angel, Destruction and Dark Angel, SACRED REICH has produced a catalog of politically charged aggressive music t",www.youtube.com/embed/lOg4bDlZyAA,https://charon.brutalassault.cz/content//images/artist-image/artist-195-1544308874_thumb.jpeg
SAOR,SYMPHONIC BLACK METAL,United Kingdom,http://www.saormusic.com,https://www.brutalassault.cz/en/band/saor,"						Caledonian folk metal inspired by the Scottish heritage, nature and traditional poetry.

",www.youtube.com/embed/W9bMRTvmvQQ,https://charon.brutalassault.cz/content//images/artist-image/artist-155-1540994684_thumb.jpeg
SHAPE OF DESPAIR,FUNERAL DOOM,Finland,http://www.shapeofdespair.com,https://www.brutalassault.cz/en/band/shape-of-despair,"SHAPE OF DESPAIR has been a forerunner of what is generally (and quite inanely) classified as ”funeral doom” for the last 15 odd years. After the demise of their death metal band in 1995, Jarno Salomaa and Tomi Ullgren decided to create something differe",No Video,https://charon.brutalassault.cz/content//images/artist-image/artist-156-1540994750_thumb.png
SICK OF IT ALL,NY HC,United States,https://www.sickofitall.com/,https://www.brutalassault.cz/en/band/sick-of-it-all,"						Living legends are revered for good reason. They are proof of an ideal. They are roots from which future generations grow. When New York City leading lights SICK OF IT ALL formed in 1986, they had no idea they’d be here today, continuing to release",No Video,https://charon.brutalassault.cz/content//images/artist-image/artist-212-1548253271_thumb.jpeg
SKELETAL REMAINS,DEATH METAL,United States,https://www.facebook.com/SkeletalRemainsDeathMetal/,https://www.brutalassault.cz/en/band/skeletal-remains,"						Californian death metal act SKELETAL REMAINS formed as Anthropophagy back in 2011, and released the two much lauded studio albums Beyond The Flesh (2012) and Condemned To Misery (2015) and has constantly toured Europe, the US and Japan ever since. ",No Video,https://charon.brutalassault.cz/content//images/artist-image/artist-223-1549291948_thumb.jpeg
SLÆGT,BLACKENED HEAVY METAL,Denmark,https://www.facebook.com/Slaegt/,https://www.brutalassault.cz/en/band/slaegt,"SLÆGT from Copenhagen, Denmark, is the sound and essence of four hearts and minds locking together and joining forces towards the unknown. The band has found their very own, unique style of playing heavy metal. Stylistically influences are drawn from a b",No Video,https://charon.brutalassault.cz/content//images/artist-image/artist-188-1544306695_thumb.jpeg
SLAPSHOT,HARDCORE,United States,https://www.facebook.com/SlapshotBoston/,https://www.brutalassault.cz/en/band/slapshot,"						Legendary veterans of Boston HC scene!
",www.youtube.com/embed/nVq4k156QYs,https://charon.brutalassault.cz/content//images/artist-image/artist-207-1547044812_thumb.jpeg
SODOM,THRASH METAL,Germany,http://www.sodomized.info,https://www.brutalassault.cz/en/band/sodom,"						Pioneers of thrash metal, leading force in the Teutonic big 4 formed already back in 1981!
While rumours are still flying thick and fast in the media, Tom Angelripper has already announced the new line-up of his band SODOM:  Husky (Asphyx, Desaste",No Video,https://charon.brutalassault.cz/content//images/artist-image/artist-211-1548252723_thumb.jpeg
SOILWORK,MELODIC GROOVE METAL,Sweden,https://www.soilwork.org,https://www.brutalassault.cz/en/band/soilwork,"SOILWORK has been around, in one form or another, for twenty years now. Some people say that they haven’t made anything worth listening to after Steelbath Suicide. Some have only heard Stabbing The Drama. Some think The Living Infinite was quite epic. It",No Video,https://charon.brutalassault.cz/content//images/artist-image/artist-219-1549287301_thumb.jpeg
TAAKE,BLACK METAL,Norway,https://www.facebook.com/taakeofficial/,https://www.brutalassault.cz/en/band/taake,"						Cold Norwegian fog will make your bones shiver..as TAAKE takes over Brutal Assault! From the rugged, rain-swept coastline of Bjoergvin, enclosed within the looming embrace of seven mountains, emerges this unmerciful act, spawning 7 records thus far",No Video,https://charon.brutalassault.cz/content//images/artist-image/artist-173-1543234010_thumb.jpeg
TANKARD,ALCOHOLIC THRASH METAL,Germany,http://www.tankard.info,https://www.brutalassault.cz/en/band/tankard,"						In 1982, four longhaired metal maniacs from Frankfurt am Main in Germany decided to found a band.. Nobody expected them to still be going 35 years later, not to mention being at the top of the German thrash metal scene and a part of the Teutonic BI",www.youtube.com/embed/NK6c58ZkJBo,https://charon.brutalassault.cz/content//images/artist-image/artist-157-1540994858_thumb.jpeg
TAPHOS,DEATH METAL,Denmark,https://www.facebook.com/taphosdeath/,https://www.brutalassault.cz/en/band/taphos,"						Hailing from the same Danish scene as Undergang and Phrenelith, TAPHOS create a classic - and classically gutted - style of Metal of Death. Their first recording, Demo MMXVI, possessed a darkly thrashing sound highly reminiscent of turn-of-the-'90s",No Video,https://charon.brutalassault.cz/content//images/artist-image/artist-196-1544309192_thumb.jpeg
TESTAMENT,BAY AREA THRASH METAL,United States,https://www.testamentlegions.com/site/,https://www.brutalassault.cz/en/band/testament,"						The forbearers of thrash resemble a Lovecraftian brotherhood. They’re the elder gods who set everything in motion for generations to imitate, while still ruling the roost from on high. TESTAMENT stand proudly among the same vanguard that boasted “T",No Video,https://charon.brutalassault.cz/content//images/artist-image/artist-70-1545236081_thumb.jpeg
THERION,SYMPHONIC METAL,Sweden,http://therion.se,https://www.brutalassault.cz/en/band/therion,"						The band was founded in 1987 by Christofer Johnsson and started off with recoding a few demos and the mini LP in the vein of Swedish death metal. Indeed, THERION began as a very creative Death Metal band, pushing limits of the contemporary sound an",No Video,https://charon.brutalassault.cz/content//images/artist-image/artist-215-1548254716_thumb.jpeg
THY ART IS MURDER,DEATHCORE,Australia,https://www.thyartismurder.net,https://www.brutalassault.cz/en/band/thy-art-is-murder,"						Rising from the unhallowed wastes of Western Sydney, THY ART IS MURDER have successfully cleaved a trail of blood & mayhem since their inception in 2006. With the acclaimed Infinite Death EP (2008) and their debut album The Adversary (2010) firmly ",No Video,https://charon.brutalassault.cz/content//images/artist-image/artist-183-1544302298_thumb.jpeg
TOSKA,PROGRESSIVE METAL,United Kingdom,https://www.toska.tv,https://www.brutalassault.cz/en/band/toska,"						This British trio will immerse the Josefov fortress in its innovative approach and progressive melodies of their latest album Fire By The Silos, which is an excellent aural journey that highlights the musical diversity these young lads are capable ",www.youtube.com/embed/ttVCQKdz56M,https://charon.brutalassault.cz/content//images/artist-image/artist-171-1543226686_thumb.jpeg
UNFATHOMABLE RUINATION,BRUTAL DEATH METAL,United Kingdom,http://unfathomableruination.bandcamp.com,https://www.brutalassault.cz/en/band/unfathomable-ruination,"UNFATHOMABLE RUINATION has succeeded in releasing an atypical Brutal Death Metal. Each of their songs is an amalgam of different influences from bands such as Ulcerate, Deathspell Omega, Dying Fetus, Monstrosity, Iniquity, Death and Origin. The band has ",No Video,https://charon.brutalassault.cz/content//images/artist-image/artist-158-1540995479_thumb.jpeg
VAMPILLIA,BRUTAL ORCHESTRA,Japan,http://vampillia.com/,https://www.brutalassault.cz/en/band/vampillia,"						Outstanding, shocking, unbelievable, breathtaking and many more is the Japanese self-described “brutal orchestra” VAMPILLIA. It’s not just a band, it’s something that you have to experience in order to believe it. Each record of this ensemble repre",www.youtube.com/embed/plaoX9kUehA,https://charon.brutalassault.cz/content//images/artist-image/artist-226-1549293823_thumb.jpeg
VARGRAV,BLACK METAL,Finland,https://www.facebook.com/Vargravofficial/,https://www.brutalassault.cz/en/band/vargrav,"						A shady veil of mystery is covering this group and BA 2019 will be only one of the very few appearances of the band in 2019. Their only album, bearing the ominous and apt title of Netherstorm, is a blizzard-blown blast from the ancient past, when """,www.youtube.com/embed/9twUf6nmG9g,https://charon.brutalassault.cz/content//images/artist-image/artist-159-1540995525_thumb.jpeg
VED BUENS ENDE,TRUE AVANT GARDE METAL,Norway,http://brokenamp.com/ved-buens-ende-written-waters-retrospective-review/,https://www.brutalassault.cz/en/band/ved-buens-ende,"VED BUENS ENDE was a Norwegian avant-garde metal band. Their sound is diverse with quiet instrumental jazz influenced sections and aggressive black metal blast beats and vocals. Ved Buens Ende means ""By the end of the bow"" referring to the mythological r",No Video,https://charon.brutalassault.cz/content//images/artist-image/artist-247-1556784272_thumb.jpeg
VENOM PRISON,DEATH METAL HARDCORE,United Kingdom,https://www.venomprison.com,https://www.brutalassault.cz/en/band/venom-prison,"The cover of VENOM PRISON's debut album, Animus, brings the theme of the album to life in the form of an original Renaissance-style painting by artist Eliran Kantor depicting a man shackled and surrounded by women. Blood drips from between his legs as a ",No Video,https://charon.brutalassault.cz/content//images/artist-image/artist-185-1544304627_thumb.jpeg
VIOLATOR,THRASH METAL,Brazil,https://violatorthrash.bandcamp.com/,https://www.brutalassault.cz/en/band/violator,"						Coming from the center Brazil, Brasilia, VIOLATOR is one of the most intense South American bands and after years of waiting, they will finally thrash BA! 
",www.youtube.com/embed/DmU3e84nVC0,https://charon.brutalassault.cz/content//images/artist-image/artist-208-1547044874_thumb.jpeg
VIOLENT MAGIC ORCHESTRA,NOISE,Japan,https://throatruinerrecords.com/violent-magic-orchestra,https://www.brutalassault.cz/en/band/violent-magic-orchestra,"VIOLENT MAGIC ORCHESTRA is an art project of complete harmony of techno, black metal, industrial, noise and emit light. Imagine black metal meets Kraftwerk.VIOLENT MAGIC ORCHESTRA is an unique project comprised of dark techno prodigy Paul Régimbeau (Mond",No Video,https://charon.brutalassault.cz/content//images/artist-image/artist-233-1550575105_thumb.jpeg
VOIVOD,PROGRESSIVE THRASH,Canada,http://www.voivod.com,https://www.brutalassault.cz/en/band/voivod,"The only predictable thing about Canadian cosmic-metal warriors VOIVOD is that they will forever be unpredictable. On the warpath for more than 35 years, VOIVOD have pushed their sound relentlessly forward, constructing imaginative musical realms with ea",www.youtube.com/embed/hCuSHngMy-g,https://charon.brutalassault.cz/content//images/artist-image/artist-209-1547044992_thumb.jpeg
VULVODYNIA,SLAMMING DEATH METAL,South Africa,https://www.facebook.com/pg/vulvodyniaslam/,https://www.brutalassault.cz/en/band/vulvodynia,"VULVODYNIA from South Africa is one of the most active and well known bands in the genre today. Successful previous releases, massive media support and playing numerous shows has really brought the band to another level. Their brutal yet catchy, pit fuel",www.youtube.com/embed/13i8lYlYxXg,https://charon.brutalassault.cz/content//images/artist-image/artist-213-1548253758_thumb.jpeg
VUUR,PROGRESSIVE METAL,Netherlands,http://www.vuur.band,https://www.brutalassault.cz/en/band/vuur,"						Dutch vocalist Anneke van Giersbergen will forever be known as the vocalist for melancholic metallers The Gathering, but since striking out on her own in 2007, she has solidified a solo career, recorded and performed multiple times with Canadian me",No Video,https://charon.brutalassault.cz/content//images/artist-image/artist-189-1544307007_thumb.jpeg
WALLS OF JERICHO,HARDCORE METAL,United States,https://www.facebook.com/pg/WallsofJericho/,https://www.brutalassault.cz/en/band/walls-of-jericho,"						Hailing from the US murder capital Detroit, WALLS OF JERICHO are not noteworthy just because they are a metalcore band with a powerful female on vocals. They are also worth remembering because they adeptly balanced old-school hardcore, thrash metal",No Video,https://charon.brutalassault.cz/content//images/artist-image/artist-220-1549288425_thumb.jpeg
WINDHAND,STONER DOOM METAL,United States,http://www.windhand.com,https://www.brutalassault.cz/en/band/windhand,"						Virginia's heavy psychedelic quartet WINDHAND presents infectious display of songcraft cloaked in alluring atmosphere, molten fuzz, eerie psychedelia and ethereal vocals. Their latest record Eternal Return is a modern testament to the power of heav",www.youtube.com/embed/iiKXTLLe7VI,https://charon.brutalassault.cz/content//images/artist-image/artist-168-1542292591_thumb.jpeg
WOE UNTO ME,FUNERAL DOOM,Belarus,http://woeuntome.bandcamp.com,https://www.brutalassault.cz/en/band/woe-unto-me,"						The gloomy atmosphere of one of the finest bands from Belarus WOE UNTO ME immerses the listener in a gloomy and depressive atmosphere of versatile doom death metal, while also offering acoustic melancholy, which envelops with the veil of autumn spl",www.youtube.com/embed/5_EWcwRKfdM,https://charon.brutalassault.cz/content//images/artist-image/artist-160-1540995572_thumb.png
WOLFBRIGADE,HARDCORE PUNK CRUST,Sweden,https://wolfbrigadesl.bandcamp.com,https://www.brutalassault.cz/en/band/wolfbrigade,"WOLFBRIGADE have been storming the scene internationally in one form or another since 1995. Then formed as Wolfpack, the outfit unleashed three LP’s and as many EPs of their potent crust-inspired punk in less than five years, instantly making a massively",No Video,https://charon.brutalassault.cz/content//images/artist-image/artist-161-1540995852_thumb.jpeg
WORMED,BRUTAL TECHNICAL DEATH METAL,Spain,http://www.wormed.net/,https://www.brutalassault.cz/en/band/wormed,"						When WORMED reach out into the void, the results sounds far more like a dark space opera inhabited by bizarre aliens, genetically and technically evolved meta-humans struggling for power and survival in galactic empires. On their third full-length ",www.youtube.com/embed/4Bqb_b1UOnQ,https://charon.brutalassault.cz/content//images/artist-image/artist-217-1548255728_thumb.jpeg
ZURIAAKE,ATMOSPHERIC BLACK METAL,China,https://www.facebook.com/Zuriaake/,https://www.brutalassault.cz/en/band/zuriaake,"ZURIAAKE, or 葬尸湖 in their own language, which roughly translated means “lake of buried corpses”, an image that accurately reflects both the extreme fury and also the beautifully dark melancholy that lies at the heart of ZURIAAKE‘s music.Hailing from Jina",No Video,https://charon.brutalassault.cz/content//images/artist-image/artist-210-1547045146_thumb.jpeg
